playerId,firstName,lastName,team,pos,age,games,cmp,passAtt,passYds,passTD,interceptions,rushAtt,rushYds,Y/A,rushTD,tgt,rec,recYds,Y/R,recTD,fmb,fmbLost,twoPM,twoPP,fptsStand,fptsPPR
1,Todd,Gurley,LAR,RB,24,14,0,0,0,0,0,256,1251,4.89,17,81,59,580,9.83,4,1,1,3,0,313,372.1
2,Saquon,Barkley,NYG,RB,21,16,0,0,0,0,0,261,1307,5.01,11,121,91,721,7.92,4,0,0,1,0,295,385.8
3,Christian,McCaffrey,CAR,RB,22,16,1,1,50,1,0,219,1098,5.01,7,124,107,867,8.1,6,4,1,0,0,279,385.5
4,Alvin,Kamara,NOR,RB,23,15,0,0,0,0,0,194,883,4.55,14,105,81,709,8.75,4,1,0,3,0,273,354.2
5,Patrick,Mahomes,KAN,QB,23,16,383,580,5097,50,12,60,272,4.53,2,0,0,0,0,0,9,2,1,0,417,417.1
6,Tyreek,Hill,KAN,WR,24,16,0,0,0,0,0,22,151,6.86,1,137,87,1479,17,12,0,0,0,0,247,334
7,Ezekiel,Elliott,DAL,RB,23,15,0,0,0,0,0,304,1434,4.72,6,95,77,567,7.36,3,6,1,0,0,252,329.1
8,Travis,Kelce,KAN,TE,29,16,0,0,0,0,0,0,0,0,0,150,103,1336,12.97,10,2,1,0,0,192,294.6
9,Antonio,Brown,PIT,WR,30,15,0,1,0,0,0,0,0,0,0,168,104,1297,12.47,15,0,0,0,0,220,323.7
10,Davante,Adams,GNB,WR,26,15,0,0,0,0,0,0,0,0,0,169,111,1386,12.49,13,0,0,1,0,219,329.6
11,DeAndre,Hopkins,HOU,WR,26,16,0,1,0,0,0,1,-7,-7,0,163,115,1572,13.67,11,2,2,0,0,219,333.5
12,Julio,Jones,ATL,WR,29,16,0,0,0,0,0,2,12,6,0,170,113,1677,14.84,8,2,2,0,0,213,325.9
13,Melvin,Gordon,LAC,RB,25,12,0,0,0,0,0,175,885,5.06,10,66,50,490,9.8,4,1,0,2,0,226,275.5
14,James,Conner,PIT,RB,23,13,0,0,0,0,0,215,973,4.53,12,71,55,497,9.04,1,4,2,2,0,225,280
15,George,Kittle,SFO,TE,25,16,0,0,0,0,0,1,10,10,0,136,88,1377,15.65,5,0,0,1,0,171,258.7
16,Mike,Evans,TAM,WR,25,16,0,0,0,0,0,0,0,0,0,138,86,1524,17.72,8,2,1,0,0,198,284.4
17,Zach,Ertz,PHI,TE,28,16,0,0,0,0,0,0,0,0,0,156,116,1163,10.03,8,1,0,0,0,164,280.3
18,Adam,Thielen,MIN,WR,28,16,0,0,0,0,0,5,30,6,0,153,113,1373,12.15,9,1,1,1,0,194,307.3
19,Michael,Thomas,NOR,WR,25,16,0,0,0,0,0,0,0,0,0,147,125,1405,11.24,9,2,2,0,0,191,315.5
20,Eric,Ebron,IND,TE,25,16,0,1,0,0,0,3,-8,-2.67,1,110,66,750,11.36,13,1,1,0,0,156,222.2
21,Matt,Ryan,ATL,QB,33,16,422,608,4924,35,7,33,125,3.79,3,1,1,5,5,1,10,5,0,2,354,355
22,JuJu,Smith-Schuster,PIT,WR,22,16,0,0,0,0,0,1,13,13,0,166,111,1426,12.85,7,1,1,1,0,186,296.9
23,Kareem,Hunt,KAN,RB,23,11,0,0,0,0,0,181,824,4.55,7,35,26,378,14.54,7,0,0,0,0,204,230.2
24,Joe,Mixon,CIN,RB,22,14,0,0,0,0,0,237,1168,4.93,8,55,43,296,6.88,1,0,0,0,0,200,243.4
25,Robert,Woods,LAR,WR,26,16,0,0,0,0,0,19,157,8.26,1,130,86,1219,14.17,6,0,0,0,0,180,265.6
26,David,Johnson,ARI,RB,27,16,0,0,0,0,0,258,940,3.64,7,76,50,446,8.92,3,3,2,1,0,197,246.6
27,Ben,Roethlisberger,PIT,QB,36,16,452,675,5129,34,16,31,98,3.16,3,1,1,-1,-1,0,7,2,0,4,341,341.9
28,James,White,NWE,RB,26,16,0,0,0,0,0,94,425,4.52,5,123,87,751,8.63,7,0,0,0,0,190,276.6
29,Phillip,Lindsay,DEN,RB,24,15,0,0,0,0,0,192,1037,5.4,9,47,35,241,6.89,1,0,0,0,0,188,222.8
30,Derrick,Henry,TEN,RB,24,16,2,3,14,0,0,215,1059,4.93,12,18,15,99,6.6,0,1,1,0,0,186,201.4
31,Deshaun,Watson,HOU,QB,23,16,345,505,4165,26,9,99,551,5.57,5,0,0,0,0,0,9,3,0,0,332,331.7
32,Tyler,Lockett,SEA,WR,26,16,0,0,0,0,0,13,69,5.31,0,70,57,965,16.93,10,2,0,1,0,165,222.4
33,Stefon,Diggs,MIN,WR,25,15,0,0,0,0,0,10,62,6.2,0,149,102,1021,10.01,9,0,0,1,0,164,266.3
34,Brandin,Cooks,LAR,WR,25,16,0,0,0,0,0,10,68,6.8,1,117,80,1204,15.05,5,1,0,0,0,163,243.2
35,Keenan,Allen,LAC,WR,26,16,0,0,0,0,0,9,75,8.33,0,136,97,1196,12.33,6,3,1,1,0,163,260.1
36,T.Y.,Hilton,IND,WR,29,14,0,0,0,0,0,0,0,0,0,120,76,1270,16.71,6,0,0,0,0,163,239
37,Chris,Carson,SEA,RB,24,14,0,0,0,0,0,247,1151,4.66,9,24,20,163,8.15,0,3,2,0,0,181,201.4
38,Andrew,Luck,IND,QB,29,16,430,639,4593,39,15,46,148,3.22,0,2,1,4,4,0,6,1,0,2,327,327.9
39,Jared,Cook,OAK,TE,31,16,0,0,0,0,0,0,0,0,0,101,68,896,13.18,6,0,0,0,0,126,193.6
40,Nick,Chubb,CLE,RB,23,16,0,0,0,0,0,192,996,5.19,8,29,20,149,7.45,2,0,0,0,0,175,194.5
41,Odell,Beckham,NYG,WR,26,12,2,2,106,2,0,5,19,3.8,0,124,77,1052,13.66,6,2,1,0,0,153,230.3
42,Adrian,Peterson,WAS,RB,33,16,0,0,0,0,0,251,1042,4.15,7,26,20,208,10.4,1,3,2,0,0,169,189
43,Aaron,Rodgers,GNB,QB,35,16,372,597,4442,25,2,43,269,6.26,2,0,0,0,0,0,6,3,1,2,313,312.6
44,Tyler,Boyd,CIN,WR,24,14,0,1,0,0,0,2,3,1.5,0,108,76,1028,13.53,7,0,0,0,0,145,221.1
45,Jared,Goff,LAR,QB,24,16,364,561,4688,32,12,43,108,2.51,2,0,0,0,0,0,12,5,0,3,310,310.3
46,Tarik,Cohen,CHI,RB,23,16,1,1,1,1,0,99,444,4.48,3,91,71,725,10.21,5,7,3,0,0,163,233.9
47,Calvin,Ridley,ATL,WR,24,16,0,0,0,0,0,6,27,4.5,0,92,64,821,12.83,10,2,1,0,0,143,206.8
48,Tevin,Coleman,ATL,RB,25,16,0,0,0,0,0,167,800,4.79,4,44,32,276,8.63,5,2,0,0,0,162,193.6
49,Marlon,Mack,IND,RB,22,12,0,0,0,0,0,195,908,4.66,9,26,17,103,6.06,1,2,2,2,0,161,178.1
50,Jordan,Howard,CHI,RB,24,16,0,0,0,0,0,250,935,3.74,9,26,20,145,7.25,0,2,1,0,0,160,180
51,Amari,Cooper,DAL,WR,24,15,0,0,0,0,0,2,20,10,0,107,75,1005,13.4,7,2,2,0,0,141,215.5
52,Drew,Brees,NOR,QB,39,15,364,489,3992,32,5,31,22,0.71,4,1,1,1,1,0,5,1,0,1,304,305
53,Mike,Williams,LAC,WR,24,16,0,0,0,0,0,7,28,4,1,66,43,664,15.44,10,0,0,1,0,137,180.2
54,Kenny,Golladay,DET,WR,25,15,0,0,0,0,0,1,8,8,0,119,70,1063,15.19,5,1,0,0,0,137,207.1
55,Jarvis,Landry,CLE,WR,26,16,1,2,63,0,0,3,60,20,1,149,81,976,12.05,4,1,1,0,1,136,217.1
56,Kenyan,Drake,MIA,RB,24,16,0,0,0,0,0,120,535,4.46,4,73,53,477,9,5,2,1,0,0,153,206.2
57,Julian,Edelman,NWE,WR,32,12,2,2,43,0,0,9,107,11.89,0,108,74,850,11.49,6,1,0,0,0,133,207.4
58,Russell,Wilson,SEA,QB,30,16,280,427,3448,35,7,67,376,5.61,0,1,1,-11,-11,0,10,2,0,1,298,299.4
59,Lamar,Miller,HOU,RB,27,14,0,0,0,0,0,210,973,4.63,5,35,25,163,6.52,1,1,1,0,0,148,172.6
60,Emmanuel,Sanders,DEN,WR,31,12,1,1,28,1,0,4,53,13.25,1,98,71,868,12.23,4,1,0,0,0,127,198.2
61,Trey,Burton,CHI,TE,27,16,0,0,0,0,0,1,2,2,0,76,54,569,10.54,6,1,1,1,0,93,147.1
62,Aaron,Jones,GNB,RB,24,12,0,0,0,0,0,133,728,5.47,8,35,26,206,7.92,1,1,1,0,0,145,171.4
63,Chris,Godwin,TAM,WR,22,16,0,0,0,0,0,0,0,0,0,95,59,842,14.27,7,4,1,1,0,126,185.2
64,Austin,Hooper,ATL,TE,24,16,0,0,0,0,0,0,0,0,0,88,71,660,9.3,4,0,0,1,0,92,163
65,David,Njoku,CLE,TE,22,16,0,0,0,0,0,0,0,0,0,88,56,639,11.41,4,0,0,0,0,88,143.9
66,Kyle,Rudolph,MIN,TE,29,16,0,0,0,0,0,0,0,0,0,82,64,634,9.91,4,0,0,0,0,87,151.4
67,Alshon,Jeffery,PHI,WR,28,13,0,0,0,0,0,0,0,0,0,92,65,843,12.97,6,1,0,0,0,120,185.3
68,O.J.,Howard,TAM,TE,24,10,0,0,0,0,0,0,0,0,0,48,34,565,16.62,5,0,0,0,0,87,120.5
69,Dak,Prescott,DAL,QB,25,16,356,526,3885,22,8,75,305,4.07,6,1,0,0,0,0,12,6,1,1,286,285.9
70,Philip,Rivers,LAC,QB,37,16,347,508,4308,32,12,18,7,0.39,0,0,0,0,0,0,2,1,0,5,285,285
71,Corey,Davis,TEN,WR,23,16,0,0,0,0,0,6,55,9.17,0,112,65,891,13.71,4,1,0,0,0,119,183.6
72,Rob,Gronkowski,NWE,TE,29,13,0,0,0,0,0,0,0,0,0,72,47,682,14.51,3,1,1,0,0,84,131.2
73,Larry,Fitzgerald,ARI,WR,35,16,1,1,32,1,0,0,0,0,0,112,69,734,10.64,6,0,0,1,0,117,185.7
74,Sterling,Shepard,NYG,WR,25,16,0,0,0,0,0,3,33,11,0,107,66,872,13.21,4,1,0,1,0,117,182.5
75,Mohamed,Sanu,ATL,WR,29,16,1,2,5,1,0,7,44,6.29,0,94,66,838,12.7,4,2,1,1,0,116,182.4
76,Matt,Breida,SFO,RB,23,14,0,0,0,0,0,153,814,5.32,3,31,27,261,9.67,2,1,1,0,0,136,162.5
78,Vance,McDonald,PIT,TE,28,15,0,0,0,0,0,0,0,0,0,72,50,610,12.2,4,2,1,0,0,83,133
79,Cam,Newton,CAR,QB,29,14,320,471,3395,24,13,101,488,4.83,4,0,0,0,0,0,6,0,0,2,283,282.6
80,Kirk,Cousins,MIN,QB,30,16,425,606,4298,30,10,44,123,2.8,1,1,1,-1,-1,0,9,7,0,3,282,283.1
81,Tom,Brady,NWE,QB,41,16,375,570,4355,29,11,23,35,1.52,2,1,1,6,6,0,4,2,0,0,280,281.3
82,Mitchell,Trubisky,CHI,QB,24,14,289,434,3223,24,12,68,421,6.19,3,0,0,0,0,0,6,3,0,4,263,263
83,Eli,Manning,NYG,QB,37,16,380,576,4299,21,11,15,20,1.33,1,0,0,0,0,0,7,4,0,3,240,240
84,Baker,Mayfield,CLE,QB,23,14,310,486,3725,27,14,39,131,3.36,0,1,0,0,0,0,7,3,1,1,240,240.1
85,Derek,Carr,OAK,QB,27,16,381,553,4049,19,10,24,47,1.96,1,1,1,-9,-9,0,12,7,0,1,216,216.8
86,Case,Keenum,DEN,QB,30,16,365,586,3890,18,15,26,93,3.58,2,0,0,0,0,0,11,2,0,0,215,214.9
87,Matthew,Stafford,DET,QB,30,16,367,555,3777,21,11,25,71,2.84,0,0,0,0,0,0,6,4,0,0,212,212.2
88,Josh,Allen,BUF,QB,22,12,169,320,2074,10,12,89,631,7.09,8,1,0,0,0,0,8,2,0,1,208,208.1
89,Jameis,Winston,TAM,QB,24,11,244,378,2992,19,14,49,281,5.73,1,0,0,0,0,0,7,3,0,0,196,195.8
90,Carson,Wentz,PHI,QB,26,11,279,401,3074,21,7,34,93,2.74,0,1,1,4,4,0,9,6,0,1,193,193.7
91,Andy,Dalton,CIN,QB,31,11,226,365,2566,21,11,16,99,6.19,0,0,0,0,0,0,1,0,0,0,175,174.5
92,Marcus,Mariota,TEN,QB,25,14,228,331,2528,11,8,64,357,5.58,2,1,1,21,21,0,9,2,0,0,175,175.9
93,Blake,Bortles,JAX,QB,26,13,243,403,2718,13,11,58,365,6.29,1,0,0,0,0,0,8,4,0,0,173,173.2
94,Sam,Darnold,NYJ,QB,21,13,239,414,2865,17,15,44,138,3.14,1,0,0,0,0,0,5,2,0,0,168,168.4
95,Ryan,Fitzpatrick,TAM,QB,36,8,164,246,2366,17,12,36,152,4.22,2,0,0,0,0,0,4,1,0,1,166,165.8
96,Lamar,Jackson,BAL,QB,21,16,99,170,1201,6,3,147,695,4.73,5,2,0,0,0,0,12,4,0,0,158,157.5
97,Ryan,Tannehill,MIA,QB,30,11,176,274,1979,17,9,32,145,4.53,0,1,1,3,3,1,5,4,0,0,142,143
98,Alex,Smith,WAS,QB,34,10,205,328,2180,10,5,41,168,4.1,1,0,0,0,0,0,6,1,0,0,138,138
99,Joe,Flacco,BAL,QB,33,9,232,379,2465,12,6,19,45,2.37,0,0,0,0,0,0,3,1,0,0,137,137.1
100,Sony,Michel,NWE,RB,23,13,0,0,0,0,0,209,931,4.45,6,11,7,50,7.14,0,1,1,0,0,132,139.1
101,Peyton,Barber,TAM,RB,24,16,0,0,0,0,0,234,871,3.72,5,29,20,92,4.6,1,1,1,0,0,130,150.3
102,Austin,Ekeler,LAC,RB,23,14,0,0,0,0,0,106,554,5.23,3,53,39,404,10.36,3,1,1,0,0,130,168.8
103,Nick,Mullens,SFO,QB,23,8,176,274,2277,13,10,18,-16,-0.89,0,0,0,0,0,0,2,0,0,1,123,123.5
104,Mark,Ingram,NOR,RB,29,12,0,0,0,0,0,138,645,4.67,6,27,21,170,8.1,1,3,1,0,0,122,142.5
105,Isaiah,Crowell,NYJ,RB,25,13,0,0,0,0,0,143,685,4.79,6,28,21,152,7.24,0,0,0,0,0,120,140.7
106,T.J.,Yeldon,JAX,RB,25,14,0,0,0,0,0,104,414,3.98,1,78,55,487,8.85,4,1,1,0,0,118,173.1
107,Dede,Westbrook,JAX,WR,25,16,0,1,0,0,0,9,98,10.89,0,101,66,717,10.86,5,3,2,0,0,114,179.5
108,Adam,Humphries,TAM,WR,25,16,0,0,0,0,0,2,11,5.5,0,105,76,816,10.74,5,2,0,0,0,113,188.7
109,Josh,Rosen,ARI,QB,21,14,217,393,2278,11,14,23,138,6,0,0,0,0,0,0,10,5,0,1,113,112.9
110,Golden,Tate,PHI,WR,30,18,0,0,0,0,0,7,76,10.86,0,113,74,795,10.74,4,3,0,1,0,113,187.1
111,Dalvin,Cook,MIN,RB,23,11,0,0,0,0,0,133,615,4.62,2,49,40,305,7.63,2,2,2,0,0,112,152
112,DeSean,Jackson,TAM,WR,32,12,0,0,0,0,0,6,29,4.83,1,74,41,774,18.88,4,0,0,0,0,110,151.3
113,Latavius,Murray,MIN,RB,28,16,0,0,0,0,0,140,578,4.13,6,26,22,141,6.41,0,0,0,1,0,110,131.9
114,Zay,Jones,BUF,WR,23,16,0,1,0,0,0,1,0,0,0,102,56,652,11.64,7,1,0,1,0,109,165.2
115,Kerryon,Johnson,DET,RB,21,10,0,0,0,0,0,118,641,5.43,3,39,32,213,6.66,1,1,1,0,0,107,139.4
116,Robby,Anderson,NYJ,WR,25,14,0,0,0,0,0,2,-8,-4,0,94,50,752,15.04,6,2,2,0,0,106,156.4
117,Mike,Davis,SEA,RB,25,15,0,0,0,0,0,112,514,4.59,4,42,34,214,6.29,1,0,0,0,0,103,136.8
118,A.J.,Green,CIN,WR,30,9,0,0,0,0,0,0,0,0,0,77,46,694,15.09,6,2,1,0,0,103,149.4
119,John,Brown,BAL,WR,28,16,0,0,0,0,0,3,4,1.33,0,97,42,715,17.02,5,0,0,0,0,102,143.9
120,Dion,Lewis,TEN,RB,28,16,0,0,0,0,0,155,517,3.34,1,67,59,400,6.78,1,1,1,0,0,102,160.7
121,Doug,Martin,OAK,RB,29,16,0,0,0,0,0,172,723,4.2,4,24,18,116,6.44,0,3,3,0,0,102,119.9
122,D.J.,Moore,CAR,WR,21,16,0,0,0,0,0,13,172,13.23,0,82,55,788,14.33,2,4,3,0,0,102,157
123,Nelson,Agholor,PHI,WR,25,16,1,1,15,0,0,3,32,10.67,0,97,64,736,11.5,4,1,0,0,0,101,165.4
124,Leonard,Fournette,JAX,RB,23,8,0,0,0,0,0,133,439,3.3,5,26,22,185,8.41,1,0,0,0,0,98,120.4
125,Josh,Gordon,NWE,WR,27,12,0,0,0,0,0,0,0,0,0,71,41,737,17.98,4,0,0,0,0,98,138.7
126,Nyheim,Hines,IND,RB,22,16,0,0,0,0,0,85,314,3.69,2,81,63,425,6.75,2,1,0,0,0,98,160.9
127,Allen,Robinson,CHI,WR,25,13,0,0,0,0,0,1,9,9,0,94,55,754,13.71,4,1,1,0,0,98,153.3
128,Curtis,Samuel,CAR,WR,22,13,0,0,0,0,0,8,84,10.5,2,65,39,494,12.67,5,1,1,0,0,98,136.8
129,Demaryius,Thomas,HOU,WR,31,15,0,0,0,0,0,0,0,0,0,89,59,677,11.47,5,0,0,0,0,98,156.7
130,Kenny,Stills,MIA,WR,26,15,1,1,3,1,0,0,0,0,0,64,37,553,14.95,6,1,0,1,0,97,134.4
131,Tyrell,Williams,LAC,WR,26,16,0,0,0,0,0,2,15,7.5,0,65,41,653,15.93,5,2,0,0,0,97,137.8
132,Cooper,Kupp,LAR,WR,25,8,0,0,0,0,0,4,25,6.25,0,55,40,566,14.15,6,0,0,0,0,95,135.1
133,Alex,Collins,BAL,RB,24,10,0,0,0,0,0,114,411,3.61,7,21,15,105,7,1,3,3,0,0,94,108.6
134,Jordy,Nelson,OAK,WR,33,15,0,0,0,0,0,1,-2,-2,0,88,63,739,11.73,3,1,0,1,0,94,156.7
135,Courtland,Sutton,DEN,WR,23,16,0,0,0,0,0,1,-1,-1,0,84,42,704,16.76,4,0,0,0,0,94,136.3
136,LeSean,McCoy,BUF,RB,30,14,0,0,0,0,0,161,514,3.19,3,46,34,238,7,0,0,0,0,0,93,127.2
137,Doug,Baldwin,SEA,WR,30,13,0,0,0,0,0,0,0,0,0,73,50,618,12.36,5,0,0,0,0,92,141.8
138,Frank,Gore,MIA,RB,35,14,0,0,0,0,0,156,722,4.63,0,16,12,124,10.33,1,1,0,0,0,91,102.6
139,Antonio,Callaway,CLE,WR,21,16,0,0,0,0,0,2,7,3.5,0,79,43,586,13.63,5,1,1,1,0,89,132.3
140,Jalen,Richard,OAK,RB,25,16,0,0,0,0,0,55,259,4.71,1,81,68,607,8.93,0,3,2,0,0,89,156.6
141,Wendell,Smallwood,PHI,RB,24,16,0,0,0,0,0,87,364,4.18,3,35,28,230,8.21,2,2,1,1,0,89,117.4
142,Gus,Edwards,BAL,RB,23,11,0,0,0,0,0,137,718,5.24,2,2,2,20,10,0,0,0,1,0,88,89.8
143,Carlos,Hyde,JAX,RB,28,14,0,0,0,0,0,172,571,3.32,5,16,10,33,3.3,0,2,1,0,0,88,98.4
144,Royce,Freeman,DEN,RB,22,14,0,0,0,0,0,130,521,4.01,5,20,14,72,5.14,0,1,1,0,0,87,101.3
145,Anthony,Miller,CHI,WR,24,15,1,1,8,0,0,6,26,4.33,0,54,33,423,12.82,7,1,0,0,0,87,120.2
146,Jamaal,Williams,GNB,RB,23,16,0,0,0,0,0,121,464,3.83,3,41,27,210,7.78,0,0,0,1,0,87,114.4
147,Cole,Beasley,DAL,WR,29,16,0,1,0,0,0,0,0,0,0,87,65,672,10.34,3,0,0,0,0,85,150.2
148,Jeff,Driskel,CIN,QB,25,9,105,176,1003,6,2,25,130,5.2,2,0,0,0,0,0,4,1,0,1,85,85.1
149,Taylor,Gabriel,CHI,WR,27,16,0,0,0,0,0,9,61,6.78,0,93,67,688,10.27,2,1,1,0,0,85,151.9
150,Duke,Johnson,CLE,RB,25,16,0,0,0,0,0,40,201,5.03,0,62,47,429,9.13,3,1,0,2,0,85,132
151,Donte,Moncrief,JAX,WR,25,16,0,0,0,0,0,0,0,0,0,89,48,668,13.92,3,1,1,0,0,83,130.8
152,Evan,Engram,NYG,TE,24,11,0,0,0,0,0,3,36,12,0,64,45,577,12.82,3,0,0,1,0,81,126.3
153,Marvin,Jones,DET,WR,28,9,0,0,0,0,0,0,0,0,0,62,35,508,14.51,5,0,0,0,0,81,115.8
154,Christian,Kirk,ARI,WR,22,12,0,0,0,0,0,3,35,11.67,0,68,43,590,13.72,3,0,0,0,0,81,123.5
155,Michael,Crabtree,BAL,WR,31,16,0,0,0,0,0,0,0,0,0,100,54,607,11.24,3,0,0,0,0,79,132.7
156,Devin,Funchess,CAR,WR,24,14,0,0,0,0,0,0,0,0,0,79,44,549,12.48,4,0,0,0,0,79,122.9
157,Rashard,Higgins,CLE,WR,24,13,0,0,0,0,0,0,0,0,0,53,39,572,14.67,4,2,1,0,0,79,118.2
158,LeGarrette,Blount,DET,RB,32,16,0,0,0,0,0,154,418,2.71,5,15,10,67,6.7,0,2,1,0,0,77,86.5
159,Alfred,Blue,HOU,RB,27,16,0,0,0,0,0,150,499,3.33,2,27,20,154,7.7,0,0,0,0,0,77,97.3
160,Dante,Pettis,SFO,WR,23,12,0,0,0,0,0,1,-2,-2,0,45,27,467,17.3,5,2,0,0,0,77,103.5
161,Jimmy,Graham,GNB,TE,32,16,0,0,0,0,0,0,0,0,0,89,55,636,11.56,2,0,0,0,0,76,130.6
162,Cordarrelle,Patterson,NWE,WR,27,15,0,0,0,0,0,42,228,5.43,1,28,21,247,11.76,3,1,1,0,0,76,96.5
163,Damien,Williams,KAN,RB,26,16,0,0,0,0,0,50,256,5.12,4,24,23,160,6.96,2,1,1,0,0,76,98.6
164,Josh,Adams,PHI,RB,22,14,0,0,0,0,0,120,511,4.26,3,13,7,58,8.29,0,1,1,1,0,75,81.9
165,C.J.,Beathard,SFO,QB,25,6,102,169,1252,8,7,19,69,3.63,1,0,0,0,0,0,5,3,0,0,75,75
166,Nick,Foles,PHI,QB,29,5,141,195,1413,7,4,9,17,1.89,0,1,1,10,10,0,4,2,0,0,75,76.2
167,David,Moore,SEA,WR,23,16,0,0,0,0,0,1,5,5,0,53,26,445,17.12,5,2,0,0,0,75,101
168,Sammy,Watkins,KAN,WR,25,10,0,0,0,0,0,5,52,10.4,0,55,40,519,12.98,3,1,0,0,0,75,115.1
169,Will,Fuller,HOU,WR,24,7,0,0,0,0,0,0,0,0,0,45,32,503,15.72,4,0,0,0,0,74,106.3
170,Chris,Herndon,NYJ,TE,22,16,0,0,0,0,0,0,0,0,0,56,39,502,12.87,4,2,0,0,0,74,113.2
171,Mark,Andrews,BAL,TE,22,16,0,0,0,0,0,0,0,0,0,50,34,552,16.24,3,0,0,0,0,73,107.2
172,Kendrick,Bourne,SFO,WR,23,16,0,0,0,0,0,0,0,0,0,66,42,487,11.6,4,1,0,0,0,73,114.7
173,Tre'Quan,Smith,NOR,WR,22,15,0,0,0,0,0,0,0,0,0,44,28,427,15.25,5,0,0,0,0,73,100.7
174,Marquez,Valdes-Scantling,GNB,WR,24,16,0,0,0,0,0,2,29,14.5,0,73,38,581,15.29,2,0,0,0,0,73,111
175,Robert,Foster,BUF,WR,24,13,0,0,0,0,0,0,0,0,0,44,27,541,20.04,3,0,0,0,0,72,99.1
176,Willie,Snead,BAL,WR,26,16,0,0,0,0,0,1,13,13,0,95,62,651,10.5,1,0,0,0,0,72,134.4
177,Chris,Hogan,NWE,WR,30,16,0,0,0,0,0,0,0,0,0,55,35,532,15.2,3,0,0,0,0,71,106.2
178,Josh,Reynolds,LAR,WR,23,16,0,0,0,0,0,2,8,4,0,53,29,402,13.86,5,0,0,0,0,71,100
179,Ito,Smith,ATL,RB,23,14,0,0,0,0,0,90,315,3.5,4,32,27,152,5.63,0,1,0,0,0,71,97.7
180,Albert,Wilson,MIA,WR,26,7,1,1,52,1,0,8,16,2,0,35,26,391,15.04,4,0,0,0,0,71,96.8
181,Danny,Amendola,MIA,WR,33,15,1,1,28,1,0,1,-2,-2,0,79,59,575,9.75,1,2,0,0,0,68,127.4
182,Brock,Osweiler,MIA,QB,28,7,113,178,1247,6,4,8,21,2.63,0,0,0,0,0,0,1,1,0,1,68,68
183,Elijah,McGuire,NYJ,RB,24,8,0,0,0,0,0,92,276,3,3,31,19,193,10.16,1,2,2,0,0,67,85.9
184,Jordan,Reed,WAS,TE,28,13,0,0,0,0,0,0,0,0,0,84,54,558,10.33,2,1,1,0,0,66,119.8
185,Josh,Doctson,WAS,WR,26,15,0,0,0,0,0,0,0,0,0,78,44,532,12.09,2,0,0,0,0,65,109.2
186,Michael,Gallup,DAL,WR,22,16,0,0,0,0,0,0,0,0,0,68,33,507,15.36,2,0,0,1,0,65,97.7
187,Chris,Ivory,BUF,RB,30,13,0,0,0,0,0,115,385,3.35,1,21,13,205,15.77,0,1,0,0,0,65,78
188,Marquise,Goodwin,SFO,WR,28,11,0,0,0,0,0,4,9,2.25,0,43,23,395,17.17,4,1,0,0,0,64,87.4
189,Marshawn,Lynch,OAK,RB,32,6,0,0,0,0,0,90,376,4.18,3,20,15,84,5.6,0,0,0,0,0,64,79
190,Chester,Rogers,IND,WR,24,16,0,0,0,0,0,1,-4,-4,0,72,53,485,9.15,2,1,0,2,0,64,117.1
191,John,Ross,CIN,WR,24,13,0,0,0,0,0,4,9,2.25,0,58,21,210,10,7,0,0,0,0,64,84.9
192,Jaylen,Samuels,PIT,RB,22,14,0,0,0,0,0,56,256,4.57,0,29,26,199,7.65,3,1,0,0,0,64,89.5
193,Cameron,Brate,TAM,TE,27,16,0,0,0,0,0,0,0,0,0,49,30,289,9.63,6,1,1,0,0,63,92.9
194,C.J.,Anderson,LAR,RB,27,11,0,0,0,0,0,67,403,6.01,2,9,5,41,8.2,1,0,0,0,0,62,67.4
195,Seth,Roberts,OAK,WR,27,15,0,0,0,0,0,3,5,1.67,0,64,45,494,10.98,2,0,0,0,0,62,106.9
196,C.J.,Uzomah,CIN,TE,25,16,0,0,0,0,0,0,0,0,0,64,43,439,10.21,3,0,0,0,0,62,104.9
197,Giovani,Bernard,CIN,RB,27,12,0,0,0,0,0,56,211,3.77,3,48,35,218,6.23,0,0,0,0,0,61,95.9
198,Rashaad,Penny,SEA,RB,22,14,0,0,0,0,0,85,419,4.93,2,12,9,75,8.33,0,0,0,0,0,61,70.4
199,Alfred,Morris,SFO,RB,30,12,0,0,0,0,0,111,428,3.86,2,13,8,73,9.13,0,2,1,0,0,60,68.1
200,Javorius,Allen,BAL,RB,27,14,0,0,0,0,0,41,110,2.68,3,43,35,196,5.6,2,1,1,0,0,59,93.6
201,Corey,Clement,PHI,RB,24,11,0,0,0,0,0,68,259,3.81,2,25,22,192,8.73,0,4,0,1,0,59,81.1
202,Chris,Conley,KAN,WR,26,16,0,0,0,0,0,0,0,0,0,52,32,334,10.44,5,2,2,0,0,59,91.4
203,Spencer,Ware,KAN,RB,27,13,0,0,0,0,0,51,246,4.82,2,23,20,224,11.2,0,0,0,0,0,59,79
204,Dallas,Goedert,PHI,TE,23,16,0,0,0,0,0,0,0,0,0,44,33,334,10.12,4,0,0,0,0,57,90.4
205,Theo,Riddick,DET,RB,27,14,0,0,0,0,0,40,171,4.28,0,74,61,384,6.3,0,0,0,0,0,56,116.5
206,Jarius,Wright,CAR,WR,29,16,0,0,0,0,0,2,39,19.5,0,59,43,447,10.4,1,3,1,1,0,55,97.6
207,Jamison,Crowder,WAS,WR,25,9,0,0,0,0,0,4,30,7.5,0,49,29,388,13.38,2,0,0,0,0,54,82.8
208,Gerald,Everett,LAR,TE,24,16,0,0,0,0,0,2,16,8,0,50,33,320,9.7,3,0,0,1,0,54,86.6
209,Jesse,James,PIT,TE,24,16,0,0,0,0,0,0,0,0,0,39,30,423,14.1,2,0,0,0,0,54,84.3
210,Greg,Olsen,CAR,TE,33,9,0,0,0,0,0,0,0,0,0,38,27,291,10.78,4,0,0,0,0,53,80.1
211,Aldrick,Robinson,MIN,WR,30,14,0,0,0,0,0,0,0,0,0,35,17,231,13.59,5,0,0,0,0,53,70.1
212,Demarcus,Robinson,KAN,WR,24,16,0,0,0,0,0,0,0,0,0,33,22,288,13.09,4,0,0,0,0,53,74.8
213,Ben,Watson,NOR,TE,38,16,0,0,0,0,0,0,0,0,0,46,35,400,11.43,2,0,0,0,0,52,87
214,Keelan,Cole,JAX,WR,25,16,0,0,0,0,0,0,0,0,0,70,38,491,12.92,1,2,2,0,0,51,89.1
215,Vernon,Davis,WAS,TE,34,14,0,0,0,0,0,0,0,0,0,36,25,367,14.68,2,0,0,1,0,51,75.7
216,Jakeem,Grant,MIA,WR,26,10,0,0,0,0,0,1,5,5,0,34,21,268,12.76,2,0,0,0,0,51,72.3
217,Taywan,Taylor,TEN,WR,23,13,0,0,0,0,0,0,0,0,0,56,37,466,12.59,1,1,1,0,0,51,87.6
218,Chris,Thompson,WAS,RB,28,10,0,0,0,0,0,43,178,4.14,0,55,41,268,6.54,1,1,0,0,0,51,91.6
219,Devontae,Booker,DEN,RB,26,16,0,0,0,0,0,34,183,5.38,1,51,38,275,7.24,0,1,1,0,0,50,87.8
220,Phillip,Dorsett,NWE,WR,25,16,0,0,0,0,0,4,29,7.25,0,42,32,290,9.06,3,0,0,0,0,50,81.9
221,Josh,Johnson,WAS,QB,32,4,52,91,590,3,4,23,120,5.22,1,0,0,0,0,0,2,0,0,2,50,49.6
222,Zach,Zenner,DET,RB,27,8,0,0,0,0,0,55,265,4.82,3,10,7,56,8,0,0,0,0,0,50,57.1
223,Quincy,Enunwa,NYJ,WR,26,11,0,0,0,0,0,1,0,0,0,68,38,449,11.82,1,2,1,0,0,49,86.9
224,Blake,Jarwin,DAL,TE,24,16,0,0,0,0,0,0,0,0,0,36,27,307,11.37,3,0,0,0,0,49,75.7
225,Bilal,Powell,NYJ,RB,30,7,0,0,0,0,0,80,343,4.29,0,18,11,110,10,1,2,1,0,0,49,60.3
226,Randall,Cobb,GNB,WR,28,9,0,0,0,0,0,0,0,0,0,61,38,383,10.08,2,2,1,0,0,48,86.3
227,Kenneth,Dixon,BAL,RB,24,6,0,0,0,0,0,60,333,5.55,2,7,6,51,8.5,0,2,1,0,0,48,54.4
228,Jimmy,Garoppolo,SFO,QB,27,3,53,89,718,5,3,8,33,4.13,0,0,0,0,0,0,4,0,0,1,48,48
229,Dontrelle,Inman,IND,WR,29,9,0,0,0,0,0,0,0,0,0,39,28,304,10.86,3,0,0,0,0,48,76.4
230,Jaron,Brown,SEA,WR,28,16,0,0,0,0,0,0,0,0,0,19,14,166,11.86,5,0,0,0,0,47,60.6
231,Antonio,Gates,LAC,TE,38,16,0,0,0,0,0,0,0,0,0,45,28,333,11.89,2,1,1,2,0,47,75.3
232,Kapri,Bibbs,2TM,RB,25,12,0,0,0,0,0,21,103,4.9,3,23,16,115,7.19,1,1,0,0,0,46,61.8
233,Justin,Jackson,LAC,RB,23,13,0,0,0,0,0,50,206,4.12,2,19,15,135,9,0,0,0,0,0,46,61.1
234,Ty,Montgomery,2TM,WR,25,13,0,0,0,0,0,41,188,4.59,1,40,25,235,9.4,0,2,1,0,0,46,71.3
235,Breshad,Perriman,CLE,WR,25,10,0,0,0,0,0,4,2,0.5,0,25,16,340,21.25,2,0,0,0,0,46,62.2
236,Darren,Sproles,PHI,RB,35,6,0,0,0,0,0,29,120,4.14,1,23,15,160,10.67,2,0,0,0,0,46,61
237,Jordan,Thomas,HOU,TE,22,16,0,0,0,0,0,0,0,0,0,27,20,215,10.75,4,0,0,0,0,46,65.5
238,Jacquizz,Rodgers,TAM,RB,28,16,0,0,0,0,0,33,106,3.21,1,45,38,304,8,0,1,1,0,0,45,83
239,Tajae,Sharpe,TEN,WR,24,16,0,0,0,0,0,1,16,16,0,47,26,316,12.15,2,0,0,0,0,45,71.2
240,Ian,Thomas,CAR,TE,22,16,0,0,0,0,0,0,0,0,0,49,36,333,9.25,2,0,0,0,0,45,81.3
241,Nick,Vannett,SEA,TE,25,15,0,0,0,0,0,0,0,0,0,43,29,269,9.28,3,1,0,0,0,45,73.9
242,Kelvin,Benjamin,2TM,WR,27,15,0,0,0,0,0,0,0,0,0,67,25,380,15.2,1,0,0,0,0,44,69
243,Jonnu,Smith,TEN,TE,23,13,0,0,0,0,0,0,0,0,0,30,20,258,12.9,3,1,0,0,0,44,63.8
244,Jordan,Wilkins,IND,RB,24,16,0,0,0,0,0,60,336,5.6,1,17,16,85,5.31,0,2,2,0,0,44,60.1
245,Chase,Edmonds,ARI,RB,22,16,0,0,0,0,0,60,208,3.47,2,23,20,103,5.15,0,1,0,0,0,43,63.1
246,Jermaine,Kearse,NYJ,WR,28,14,0,0,0,0,0,0,0,0,0,76,37,371,10.03,1,0,0,0,0,43,80.1
247,Geronimo,Allison,GNB,WR,24,5,0,0,0,0,0,0,0,0,0,30,20,303,15.15,2,1,0,0,0,42,62.3
248,Allen,Hurns,DAL,WR,27,16,0,0,0,0,0,0,0,0,0,35,20,295,14.75,2,1,0,0,0,42,61.5
249,Jordan,Matthews,PHI,WR,26,14,0,0,0,0,0,0,0,0,0,28,20,300,15,2,0,0,0,0,42,62
250,Tyler,Higbee,LAR,TE,25,16,0,0,0,0,0,0,0,0,0,34,24,292,12.17,2,1,0,0,0,41,65.2
251,Tyrod,Taylor,CLE,QB,29,4,42,85,473,2,2,16,125,7.81,1,0,0,0,0,0,3,0,0,0,41,41.4
252,Jeff,Heuerman,DEN,TE,26,11,0,0,0,0,0,0,0,0,0,48,31,281,9.06,2,0,0,0,0,40,71.1
253,Zach,Pascal,IND,WR,24,16,0,0,0,0,0,2,10,5,0,46,27,268,9.93,2,0,0,0,0,40,66.8
254,Ricky,Seals-Jones,ARI,TE,23,15,0,0,0,0,0,0,0,0,0,69,34,343,10.09,1,0,0,0,0,40,74.3
255,Ryan,Grant,IND,WR,28,14,0,0,0,0,0,0,0,0,0,52,35,334,9.54,1,0,0,0,0,39,74.4
256,Cody,Kessler,JAX,QB,25,5,85,131,709,2,2,19,123,6.47,0,0,0,0,0,0,5,3,0,0,39,38.7
257,Paul,Richardson,WAS,WR,26,7,0,0,0,0,0,2,9,4.5,0,35,20,262,13.1,2,0,0,0,0,39,59.1
258,Jay,Ajayi,PHI,RB,25,4,0,0,0,0,0,45,184,4.09,3,6,5,20,4,0,1,1,1,0,38,43.4
259,Kyle,Juszczyk,SFO,RB,27,16,0,0,0,0,0,8,30,3.75,0,41,30,324,10.8,1,2,2,0,0,37,67.4
260,DeVante,Parker,MIA,WR,25,11,0,0,0,0,0,0,0,0,0,47,24,309,12.88,1,0,0,0,0,37,60.9
261,Tim,Patrick,DEN,WR,25,16,0,0,0,0,0,3,17,5.67,0,41,23,315,13.7,1,2,1,0,0,37,60.2
262,Terrelle,Pryor,2TM,WR,29,8,0,0,0,0,0,1,-1,-1,0,30,16,252,15.75,2,0,0,0,0,37,53.1
263,Rex,Burkhead,NWE,RB,28,8,0,0,0,0,0,57,186,3.26,0,20,14,131,9.36,1,2,1,0,0,36,49.7
264,Ted,Ginn,NOR,WR,33,5,0,0,0,0,0,3,26,8.67,0,30,17,209,12.29,2,1,1,1,0,36,52.5
265,DaeSean,Hamilton,DEN,WR,23,14,0,0,0,0,0,0,0,0,0,45,30,243,8.1,2,0,0,0,0,36,66.3
266,Laquon,Treadwell,MIN,WR,23,15,0,0,0,0,0,0,0,0,0,53,35,302,8.63,1,0,0,0,0,36,71.2
267,Keke,Coutee,HOU,WR,21,6,0,0,0,0,0,3,0,0,0,41,28,287,10.25,1,0,0,0,0,35,62.7
268,Jack,Doyle,IND,TE,28,6,0,0,0,0,0,0,0,0,0,33,26,245,9.42,2,1,1,0,0,35,60.5
269,Rhett,Ellison,NYG,TE,30,14,0,0,0,0,0,0,0,0,0,34,25,272,10.88,1,0,0,1,0,35,60.2
270,Pierre,Garcon,SFO,WR,32,8,0,0,0,0,0,0,0,0,0,46,24,286,11.92,1,0,0,0,0,35,58.6
271,Isaiah,McKenzie,2TM,WR,23,8,0,0,0,0,0,10,66,6.6,2,30,18,179,9.94,0,2,1,0,0,35,52.5
272,Malcolm,Brown,LAR,RB,25,12,0,0,0,0,0,43,212,4.93,0,7,5,52,10.4,1,0,0,1,0,34,39.4
273,Demetrius,Harris,KAN,TE,27,15,0,0,0,0,0,0,0,0,0,25,12,164,13.67,3,0,0,0,0,34,46.4
274,Ed,Dickson,SEA,TE,31,10,0,0,0,0,0,1,9,9,0,13,12,143,11.92,3,0,0,0,0,33,45.2
275,Blaine,Gabbert,TEN,QB,29,8,61,101,626,4,4,6,0,0,0,0,0,0,0,0,0,0,0,0,33,33
276,Keith,Kirkwood,NOR,WR,25,8,0,0,0,0,0,0,0,0,0,21,13,209,16.08,2,0,0,0,0,33,45.9
277,Raheem,Mostert,SFO,RB,26,9,0,0,0,0,0,34,261,7.68,1,7,6,25,4.17,0,1,1,0,0,33,38.6
278,Torrey,Smith,CAR,WR,29,11,0,0,0,0,0,0,0,0,0,31,17,190,11.18,2,0,0,1,0,33,50
279,Equanimeous,St.,GNB,WR,22,12,0,0,0,0,0,1,5,5,0,36,21,328,15.62,0,0,0,0,0,33,54.3
280,Ryan,Switzer,PIT,WR,24,16,0,0,0,0,0,6,21,3.5,0,44,36,253,7.03,1,2,0,0,0,33,69.4
281,Tavon,Austin,DAL,WR,28,7,0,0,0,0,0,6,55,9.17,0,13,8,140,17.5,2,0,0,0,0,32,39.5
282,Trenton,Cannon,NYJ,RB,24,16,0,0,0,0,0,38,113,2.97,1,25,17,144,8.47,0,0,0,0,0,32,48.7
283,Levine,Toilolo,DET,TE,27,16,0,0,0,0,0,0,0,0,0,24,21,263,12.52,1,0,0,0,0,32,53.3
284,Jeff,Wilson,SFO,RB,23,6,0,0,0,0,0,66,266,4.03,0,15,12,98,8.17,0,3,2,0,0,32,44.4
285,James,Develin,NWE,RB,30,16,0,0,0,0,0,6,8,1.33,4,17,12,61,5.08,0,0,0,0,0,31,42.9
286,Wayne,Gallman,NYG,RB,24,15,0,0,0,0,0,51,176,3.45,1,22,14,89,6.36,0,2,1,0,0,31,44.5
287,Ryan,Griffin,HOU,TE,28,14,0,0,0,0,0,0,0,0,0,43,24,305,12.71,0,0,0,0,0,31,54.5
288,Maurice,Harris,WAS,WR,26,12,0,0,0,0,0,2,10,5,0,47,28,304,10.86,0,1,0,0,0,31,59.4
289,Taysom,Hill,NOR,QB,28,16,3,7,64,0,1,37,196,5.3,2,7,3,4,1.33,0,1,1,0,0,31,33.6
290,T.J.,Jones,DET,WR,26,15,0,0,0,0,0,0,0,0,0,26,19,190,10,2,0,0,0,0,31,50
291,Matt,LaCosse,DEN,TE,26,15,0,0,0,0,0,0,0,0,0,37,24,250,10.42,1,0,0,0,0,31,55
292,Russell,Shepard,NYG,WR,28,12,0,0,0,0,0,0,0,0,0,19,10,188,18.8,2,0,0,0,0,31,40.8
293,Chase,Daniel,CHI,QB,32,5,53,76,515,3,2,13,3,0.23,0,1,1,8,8,0,4,0,0,0,30,30.7
294,Darren,Fells,CLE,TE,32,16,0,0,0,0,0,0,0,0,0,12,11,117,10.64,3,0,0,0,0,30,40.7
295,Geoff,Swaim,DAL,TE,25,9,0,0,0,0,0,0,0,0,0,32,26,242,9.31,1,0,0,0,0,30,56.2
296,Trent,Taylor,SFO,WR,24,14,0,0,0,0,0,0,0,0,0,41,26,215,8.27,1,1,0,1,0,30,55.5
297,Kalen,Ballage,MIA,RB,23,12,0,0,0,0,0,36,191,5.31,1,11,9,56,6.22,0,1,1,0,0,29,37.7
298,Travis,Benjamin,LAC,WR,29,12,0,0,0,0,0,7,41,5.86,0,24,12,186,15.5,1,0,0,0,0,29,40.7
299,Bruce,Ellington,2TM,WR,27,7,0,1,0,0,0,1,2,2,0,42,31,224,7.23,1,1,0,0,0,29,59.6
300,Anthony,Firkser,TEN,TE,23,12,0,0,0,0,0,0,0,0,0,20,19,225,11.84,1,0,0,0,0,29,47.5
301,Luke,Stocker,TEN,TE,30,16,0,0,0,0,0,1,0,0,0,21,15,165,11,2,0,0,0,0,29,43.5
302,Jason,Croom,BUF,TE,24,15,0,0,0,0,0,0,0,0,0,35,22,259,11.77,1,2,2,0,0,28,49.9
303,Will,Dissly,SEA,TE,22,4,0,0,0,0,0,0,0,0,0,14,8,156,19.5,2,0,0,0,0,28,35.6
304,Marcus,Murphy,BUF,RB,27,11,0,0,0,0,0,52,250,4.81,0,19,11,26,2.36,0,1,0,0,0,28,38.6
305,Michael,Roberts,DET,TE,24,8,0,0,0,0,0,0,0,0,0,20,9,100,11.11,3,0,0,0,0,28,37
306,James,Washington,PIT,WR,22,14,0,0,0,0,0,0,0,0,0,38,16,217,13.56,1,0,0,0,0,28,43.7
307,Kyle,Allen,CAR,QB,22,2,20,31,266,2,0,5,19,3.8,1,0,0,0,0,0,0,0,0,0,27,26.5
308,Martavis,Bryant,OAK,WR,27,8,0,0,0,0,0,3,23,7.67,0,27,19,266,14,0,1,1,0,0,27,45.9
309,Virgil,Green,LAC,TE,30,16,0,0,0,0,0,0,0,0,0,27,19,210,11.05,1,0,0,0,0,27,46
310,Colt,McCoy,WAS,QB,32,3,34,54,372,3,3,10,63,6.3,0,0,0,0,0,0,1,0,0,0,27,27.2
311,Chris,Moore,BAL,WR,25,16,0,0,0,0,0,5,17,3.4,0,25,19,196,10.32,1,0,0,0,0,27,46.3
312,Trent,Sherfield,ARI,WR,22,13,0,0,0,0,0,0,0,0,0,28,19,210,11.05,1,0,0,0,0,27,46
313,Erik,Swoope,IND,TE,26,7,0,0,0,0,0,0,0,0,0,10,8,87,10.88,3,0,0,0,0,27,34.7
314,Brandon,Bolden,MIA,RB,28,16,0,0,0,0,0,8,91,11.38,2,3,3,13,4.33,1,1,1,0,0,26,29.4
315,Bennie,Fowler,NYG,WR,27,10,0,0,0,0,0,0,0,0,0,27,16,199,12.44,1,1,0,0,0,26,41.9
316,Brandon,LaFell,OAK,WR,32,6,0,0,0,0,0,0,0,0,0,16,12,135,11.25,2,0,0,0,0,26,37.5
317,Andre,Roberts,NYJ,WR,30,16,0,0,0,0,0,2,20,10,0,17,10,79,7.9,1,3,1,0,0,26,35.9
318,Mo,Alie-Cox,IND,TE,25,9,0,0,0,0,0,0,0,0,0,13,7,133,19,2,0,0,0,0,25,32.3
319,Justin,Hardy,ATL,WR,27,16,0,0,0,0,0,0,0,0,0,22,14,133,9.5,2,1,0,0,0,25,39.3
320,Josh,Hill,NOR,TE,28,16,0,0,0,0,0,0,0,0,0,24,16,185,11.56,1,0,0,0,0,25,40.5
321,Cody,Latimer,NYG,WR,26,6,0,0,0,0,0,0,0,0,0,16,11,190,17.27,1,0,0,0,0,25,36
322,Lee,Smith,OAK,TE,31,16,0,0,0,0,0,0,0,0,0,11,10,73,7.3,3,0,0,0,0,25,35.3
323,Rod,Smith,DAL,RB,26,16,0,0,0,0,0,44,127,2.89,1,12,9,60,6.67,0,0,0,0,0,25,33.7
324,Cody,Core,CIN,WR,24,14,0,0,0,0,0,0,0,0,0,28,13,160,12.31,1,0,0,1,0,24,37
325,Tyler,Eifert,CIN,TE,28,4,0,0,0,0,0,0,0,0,0,19,15,179,11.93,1,0,0,0,0,24,38.9
326,Chad,Williams,ARI,WR,24,10,0,0,0,0,0,1,9,9,0,46,17,171,10.06,1,0,0,0,0,24,41
327,Jordan,Akins,HOU,TE,26,16,0,0,0,0,0,0,0,0,0,25,17,225,13.24,0,0,0,0,0,23,39.5
328,Richie,James,SFO,WR,23,13,0,0,0,0,0,0,0,0,0,14,9,130,14.44,1,2,1,0,0,23,32
329,Lance,Kendricks,GNB,TE,30,16,0,0,0,0,0,0,0,0,0,25,19,170,8.95,1,0,0,0,0,23,42
330,Austin,Carr,NOR,WR,25,14,0,0,0,0,0,0,0,0,0,14,9,97,10.78,2,0,0,0,0,22,30.7
331,Hayden,Hurst,BAL,TE,25,12,0,0,0,0,0,1,0,0,0,23,13,163,12.54,1,0,0,0,0,22,35.3
332,Dan,Arnold,NOR,TE,23,10,0,0,0,0,0,0,0,0,0,19,12,150,12.5,1,1,0,0,0,21,33
333,Marcell,Ateman,OAK,WR,24,7,0,0,0,0,0,0,0,0,0,31,15,154,10.27,1,0,0,0,0,21,36.4
334,Nick,Boyle,BAL,TE,25,16,0,0,0,0,0,0,0,0,0,37,23,213,9.26,0,0,0,0,0,21,44.3
335,Garrett,Celek,SFO,TE,30,15,0,0,0,0,0,0,0,0,0,8,5,90,18,2,0,0,0,0,21,26
336,Marvin,Hall,ATL,WR,25,16,0,0,0,0,0,2,0,0,0,19,10,149,14.9,1,0,0,0,0,21,30.9
337,Josh,McCown,NYJ,QB,39,4,60,110,539,1,4,5,32,6.4,0,0,0,0,0,0,0,0,0,0,21,20.8
338,James,O'Shaughnessy,JAX,TE,26,14,0,0,0,0,0,0,0,0,0,38,24,214,8.92,0,0,0,0,0,21,45.4
339,Maxx,Williams,BAL,TE,24,13,0,0,0,0,0,3,8,2.67,0,17,16,143,8.94,1,0,0,0,0,21,37.1
340,Josh,Bellamy,CHI,WR,29,16,0,0,0,0,0,0,0,0,0,25,14,117,8.36,1,0,0,1,0,20,33.7
341,DeAndre,Carter,2TM,WR,25,14,0,0,0,0,0,1,7,7,0,25,22,216,9.82,0,5,1,0,0,20,42.3
342,Brandon,Marshall,SEA,WR,34,7,0,0,0,0,0,0,0,0,0,23,11,136,12.36,1,0,0,0,0,20,30.6
343,Michael,Floyd,WAS,WR,29,13,0,0,0,0,0,0,0,0,0,24,10,100,10,1,0,0,1,0,18,28
344,Mike,Gesicki,MIA,TE,23,16,0,0,0,0,0,0,0,0,0,32,22,202,9.18,0,1,1,0,0,18,40.2
345,Andy,Janovich,DEN,RB,25,16,0,0,0,0,0,2,5,2.5,0,10,8,112,14,1,0,0,0,0,18,25.7
346,Zach,Line,NOR,RB,28,16,0,0,0,0,0,9,41,4.56,0,10,5,14,2.8,2,0,0,0,0,18,22.5
347,Matt,Barkley,BUF,QB,28,1,15,25,232,2,0,3,-2,-0.67,0,0,0,0,0,0,0,0,0,0,17,17.1
348,Leonte,Carroo,MIA,WR,24,9,0,0,0,0,0,1,14,14,0,4,2,94,47,1,0,0,0,0,17,18.8
349,Alex,Erickson,CIN,WR,26,16,0,0,0,0,0,3,22,7.33,0,29,20,167,8.35,0,1,1,0,0,17,36.9
350,Darius,Jennings,TEN,WR,26,16,1,1,21,0,0,1,2,2,0,15,11,101,9.18,0,0,0,0,0,17,28.1
351,Jordan,Leggett,NYJ,TE,23,15,0,0,0,0,0,0,0,0,0,24,14,114,8.14,1,0,0,0,0,17,31.4
352,Charles,Clay,BUF,TE,29,13,0,0,0,0,0,0,0,0,0,36,21,184,8.76,0,1,1,0,0,16,37.4
353,Andre,Holmes,2TM,WR,30,15,0,0,0,0,0,0,0,0,0,24,13,162,12.46,0,0,0,0,0,16,29.2
354,Marcus,Johnson,IND,WR,24,5,0,0,0,0,0,1,-2,-2,0,8,6,102,17,1,0,0,0,0,16,22
355,Jake,Kumerow,GNB,WR,26,5,0,0,0,0,0,0,0,0,0,11,8,103,12.88,1,0,0,0,0,16,24.3
356,MyCole,Pruitt,TEN,TE,26,15,0,0,0,0,0,0,0,0,0,11,9,102,11.33,1,0,0,0,0,16,25.2
357,Anthony,Sherman,KAN,RB,30,16,0,0,0,0,0,1,2,2,0,9,8,96,12,1,0,0,0,0,16,23.8
358,Deonte,Thompson,2TM,WR,29,13,0,0,0,0,0,0,0,0,0,30,17,161,9.47,0,0,0,0,0,16,33.1
359,DJ,Chark,JAX,WR,22,11,0,0,0,0,0,0,0,0,0,32,14,174,12.43,0,1,1,0,0,15,29.4
360,Brian,Hill,ATL,RB,23,10,0,0,0,0,0,20,157,7.85,0,2,1,9,9,0,1,1,0,0,15,15.6
361,Cameron,Meredith,NOR,WR,26,6,0,0,0,0,0,0,0,0,0,10,9,114,12.67,1,1,1,0,0,15,24.4
362,Taquan,Mizzell,CHI,RB,25,9,0,0,0,0,0,9,16,1.78,0,10,8,78,9.75,1,0,0,0,0,15,23.4
363,Nick,O'Leary,MIA,TE,26,12,0,0,0,0,0,0,0,0,0,10,8,86,10.75,1,0,0,0,0,15,22.6
364,Logan,Paulsen,ATL,TE,31,15,0,0,0,0,0,0,0,0,0,9,9,91,10.11,1,0,0,0,0,15,24.1
365,Austin,Seferian-Jenkins,JAX,TE,26,5,0,0,0,0,0,0,0,0,0,19,11,90,8.18,1,0,0,0,0,15,26
366,Scott,Simonson,NYG,TE,26,16,0,0,0,0,0,0,0,0,0,14,9,86,9.56,1,0,0,0,0,15,23.6
367,Vyncint,Smith,HOU,WR,22,7,0,0,0,0,0,0,0,0,0,10,5,91,18.2,1,0,0,0,0,15,20.1
368,Dwayne,Washington,NOR,RB,24,13,0,0,0,0,0,27,154,5.7,0,0,0,0,0,0,0,0,0,0,15,15.4
369,Alex,Armah,CAR,RB,24,16,0,0,0,0,0,9,15,1.67,2,1,1,5,5,0,0,0,0,0,14,15
370,Cameron,Artis-Payne,CAR,RB,28,9,0,0,0,0,0,19,69,3.63,1,4,3,15,5,0,0,0,0,0,14,17.4
371,Deontay,Burnett,NYJ,WR,21,5,0,0,0,0,0,0,0,0,0,15,10,143,14.3,0,0,0,0,0,14,24.3
372,Taylor,Heinicke,CAR,QB,25,6,35,57,320,1,3,5,31,6.2,0,0,0,0,0,0,1,0,0,0,14,13.9
373,Andy,Jones,DET,WR,24,8,0,0,0,0,0,0,0,0,0,24,11,80,7.27,1,0,0,0,0,14,25
374,Ronald,Jones,TAM,RB,21,9,0,0,0,0,0,23,44,1.91,1,9,7,33,4.71,0,0,0,0,0,14,20.7
375,Trey,Quinn,WAS,WR,23,3,0,0,0,0,0,1,0,0,0,10,9,75,8.33,1,0,0,0,0,14,22.5
376,Damion,Ratley,CLE,WR,23,13,0,0,0,0,0,0,0,0,0,20,13,144,11.08,0,0,0,0,0,14,27.4
377,Robert,Tonyan,GNB,TE,24,16,0,0,0,0,0,0,0,0,0,6,4,77,19.25,1,0,0,0,0,14,17.7
378,Sam,Bradford,ARI,QB,31,3,50,80,400,2,4,2,7,3.5,0,0,0,0,0,0,3,2,0,0,13,12.7
379,Derek,Carrier,OAK,TE,28,16,0,0,0,0,0,0,0,0,0,12,7,67,9.57,1,0,0,0,0,13,19.7
380,Seth,Devalve,CLE,TE,25,13,0,0,0,0,0,0,0,0,0,7,5,74,14.8,1,0,0,0,0,13,18.4
381,Nathan,Peterman,BUF,QB,24,4,44,81,296,1,7,10,50,5,1,0,0,0,0,0,0,0,0,0,13,12.8
382,Brandon,Powell,DET,WR,22,6,0,0,0,0,0,1,4,4,0,17,11,129,11.73,0,0,0,0,0,13,24.3
383,Adam,Shaheen,CHI,TE,24,6,0,0,0,0,0,0,0,0,0,6,5,48,9.6,1,0,0,1,0,13,17.8
384,Darrel,Williams,KAN,RB,23,6,0,0,0,0,0,13,44,3.38,0,3,3,27,9,1,0,0,0,0,13,16.1
385,Brice,Butler,2TM,WR,28,8,0,0,0,0,0,0,0,0,0,10,6,60,10,1,0,0,0,0,12,18
386,Stevan,Ridley,PIT,RB,29,10,0,0,0,0,0,29,80,2.76,1,4,3,18,6,0,2,2,0,0,12,14.8
387,Dalton,Schultz,DAL,TE,22,11,0,0,0,0,0,0,0,0,0,17,12,116,9.67,0,0,0,0,0,12,23.6
388,A.J.,Derby,MIA,TE,27,4,0,0,0,0,0,0,0,0,0,5,3,48,16,1,0,0,0,0,11,13.8
389,Mike,Glennon,ARI,QB,29,2,15,21,174,1,0,0,0,0,0,0,0,0,0,0,0,0,0,0,11,11
390,Corey,Grant,JAX,RB,27,5,0,0,0,0,0,13,40,3.08,0,12,9,67,7.44,0,0,0,0,0,11,19.7
391,Dwayne,Harris,OAK,WR,31,15,0,0,0,0,0,2,12,6,0,6,6,40,6.67,0,2,0,0,0,11,17.2
392,Tommylee,Lewis,NOR,WR,26,7,0,0,0,0,0,2,10,5,0,3,3,60,20,1,1,1,0,0,11,14
393,Chris,Manhertz,CAR,TE,26,16,0,0,0,0,0,0,0,0,0,5,2,52,26,1,0,0,0,0,11,13.2
394,Keith,Ford,BUF,RB,24,2,0,0,0,0,0,21,79,3.76,0,5,3,21,7,0,0,0,0,0,10,13
395,John,Kelly,LAR,RB,22,4,0,0,0,0,0,27,74,2.74,0,3,2,27,13.5,0,0,0,0,0,10,12.1
396,Niles,Paul,JAX,TE,29,6,0,0,0,0,0,1,-3,-3,0,13,10,98,9.8,0,0,0,0,0,10,19.5
397,Eli,Rogers,PIT,WR,26,3,0,0,0,0,0,1,-4,-4,0,14,12,79,6.58,0,1,0,1,0,10,21.5
398,Jeremy,Sprinkle,WAS,TE,24,16,0,0,0,0,0,0,0,0,0,9,5,41,8.2,1,0,0,0,0,10,15.1
399,De'Anthony,Thomas,KAN,WR,25,5,0,0,0,0,0,1,6,6,0,5,3,29,9.67,1,1,0,0,0,10,12.5
400,Darren,Waller,OAK,TE,26,4,0,0,0,0,0,1,21,21,0,6,6,75,12.5,0,0,0,0,0,10,15.6
401,DeAndre,Washington,OAK,RB,25,10,0,0,0,0,0,30,115,3.83,0,1,1,9,9,0,1,1,0,0,10,11.4
402,Charcandrick,West,KAN,RB,27,3,0,0,0,0,0,2,-1,-0.5,0,3,2,37,18.5,1,0,0,0,0,10,11.6
403,Jake,Butt,DEN,TE,23,3,0,0,0,0,0,0,0,0,0,13,8,85,10.63,0,0,0,0,0,9,16.5
404,D'Onta,Foreman,HOU,RB,22,1,0,0,0,0,0,7,-1,-0.14,0,2,2,28,14,1,1,0,0,0,9,10.7
405,Devonta,Freeman,ATL,RB,26,2,0,0,0,0,0,14,68,4.86,0,7,5,23,4.6,0,0,0,0,0,9,14.1
406,C.J.,Ham,MIN,RB,25,15,0,0,0,0,0,6,8,1.33,0,15,11,85,7.73,0,0,0,0,0,9,20.3
407,Dontrell,Hilliard,CLE,RB,23,11,0,1,0,0,1,0,0,0,0,10,9,105,11.67,0,0,0,0,0,9,17.5
408,Kevin,White,CHI,WR,26,9,0,0,0,0,0,0,0,0,0,8,4,92,23,0,0,0,0,0,9,13.2
409,Luke,Willson,DET,TE,28,14,0,0,0,0,0,0,0,0,0,19,13,87,6.69,0,0,0,0,0,9,21.7
410,Cameron,Batson,TEN,WR,23,11,0,0,0,0,0,1,1,1,0,11,8,82,10.25,0,1,0,0,0,8,16.3
411,Corey,Coleman,NYG,WR,24,8,0,0,0,0,0,1,5,5,0,8,5,71,14.2,0,0,0,0,0,8,12.6
412,Tyler,Conklin,MIN,TE,23,16,0,0,0,0,0,0,0,0,0,7,5,77,15.4,0,0,0,0,0,8,12.7
413,Matt,Lengel,CIN,TE,28,11,0,0,0,0,0,0,0,0,0,8,3,17,5.67,1,0,0,0,0,8,10.7
414,Elijhaa,Penny,NYG,RB,25,14,0,0,0,0,0,7,25,3.57,0,9,8,50,6.25,0,0,0,0,0,8,15.5
415,Logan,Thomas,BUF,TE,27,12,1,1,15,0,0,0,0,0,0,17,12,77,6.42,0,0,0,0,0,8,20.3
416,Mark,Walton,CIN,RB,21,14,0,0,0,0,0,14,34,2.43,0,8,5,41,8.2,0,0,0,0,0,8,12.5
417,Derek,Anderson,BUF,QB,35,2,42,70,465,0,4,1,-1,-1,0,0,0,0,0,0,3,2,0,0,7,6.5
418,Kenjon,Barner,2TM,RB,28,9,0,0,0,0,0,19,71,3.74,0,1,1,3,3,0,1,0,0,0,7,8.4
419,Blake,Bell,JAX,TE,27,10,0,0,0,0,0,0,0,0,0,11,8,67,8.38,0,0,0,0,0,7,14.7
420,Teddy,Bridgewater,NOR,QB,26,5,14,23,118,1,1,11,5,0.45,0,0,0,0,0,0,0,0,0,0,7,7.2
421,Patrick,DiMarco,BUF,RB,29,16,0,0,0,0,0,1,9,9,0,4,3,62,20.67,0,0,0,0,0,7,10.1
422,Jermaine,Gresham,ARI,TE,30,13,0,0,0,0,0,0,0,0,0,12,9,94,10.44,0,1,1,0,0,7,16.4
423,Xavier,Grimble,PIT,TE,26,16,0,0,0,0,0,0,0,0,0,8,6,86,14.33,0,1,1,0,0,7,12.6
424,Detrez,Newsome,LAC,RB,24,9,0,0,0,0,0,11,49,4.45,0,2,2,19,9.5,0,0,0,0,0,7,8.8
425,Joshua,Perkins,PHI,TE,25,9,0,0,0,0,0,0,0,0,0,11,5,67,13.4,0,0,0,0,0,7,11.7
426,Eric,Tomlinson,NYJ,TE,26,15,0,0,0,0,0,0,0,0,0,14,8,72,9,0,0,0,0,0,7,15.2
427,Russell,Gage,ATL,WR,22,15,0,0,0,0,0,0,0,0,0,10,6,63,10.5,0,0,0,0,0,6,12.3
428,David,Grinnage,JAX,TE,24,4,0,0,0,0,0,0,0,0,0,8,6,61,10.17,0,0,0,0,0,6,12.1
429,Ryan,Hewitt,IND,TE,27,12,0,0,0,0,0,0,0,0,0,2,1,1,1,1,0,0,0,0,6,7.1
430,JJ,Nelson,ARI,WR,26,14,0,0,0,0,0,4,0,0,0,19,7,64,9.14,0,0,0,0,0,6,13.4
431,Bradley,Sowell,CHI,RB,29,16,0,0,0,0,0,0,0,0,0,2,1,2,2,1,0,0,0,0,6,7.2
432,Derrick,Willies,CLE,WR,24,5,0,0,0,0,0,0,0,0,0,5,3,61,20.33,0,1,0,0,0,6,9.1
433,Kamar,Aiken,PHI,WR,29,5,0,0,0,0,0,0,0,0,0,7,6,53,8.83,0,0,0,0,0,5,11.3
434,Antony,Auclair,TAM,TE,25,16,0,0,0,0,0,0,0,0,0,8,7,48,6.86,0,0,0,0,0,5,11.8
435,Mike,Boone,MIN,RB,23,8,0,0,0,0,0,11,47,4.27,0,3,2,1,0.5,0,0,0,0,0,5,6.8
436,Noah,Brown,DAL,WR,22,8,0,0,0,0,0,0,0,0,0,8,5,54,10.8,0,0,0,0,0,5,10.4
437,Rico,Gathers,DAL,TE,24,15,0,0,0,0,0,0,0,0,0,7,3,45,15,0,0,0,0,0,5,7.5
438,Shelton,Gibson,PHI,WR,23,15,0,0,0,0,0,0,0,0,0,3,1,48,48,0,0,0,0,0,5,5.8
439,Jacob,Hollister,NWE,TE,25,8,0,0,0,0,0,0,0,0,0,5,4,52,13,0,0,0,0,0,5,9.2
440,DeShone,Kizer,GNB,QB,22,3,20,42,187,0,2,5,39,7.8,0,0,0,0,0,0,1,1,0,0,5,5.4
441,Eric,Saubert,ATL,TE,24,16,0,0,0,0,0,0,0,0,0,9,5,48,9.6,0,0,0,0,0,5,9.8
442,Durham,Smythe,MIA,TE,23,15,0,0,0,0,0,0,0,0,0,11,6,50,8.33,0,0,0,0,0,5,11
443,Neal,Sterling,NYJ,TE,26,5,0,0,0,0,0,0,0,0,0,8,6,47,7.83,0,0,0,0,0,5,10.7
444,Nate,Sudfeld,PHI,QB,25,2,1,2,22,1,0,2,-2,-1,0,0,0,0,0,0,0,0,0,0,5,4.7
445,Roc,Thomas,MIN,RB,23,5,0,0,0,0,0,8,30,3.75,0,4,2,21,10.5,0,0,0,0,0,5,7.1
446,Delanie,Walker,TEN,TE,34,1,0,0,0,0,0,0,0,0,0,7,4,52,13,0,0,0,0,0,5,9.2
447,Jesus,Wilson,TAM,WR,23,5,0,0,0,0,0,0,0,0,0,5,4,52,13,0,0,0,0,0,5,9.2
448,Chad,Beebe,MIN,WR,24,3,0,0,0,0,0,0,0,0,0,4,4,39,9.75,0,0,0,0,0,4,7.9
449,Tommy,Bohanon,JAX,RB,28,16,0,0,0,0,0,1,0,0,0,9,6,41,6.83,0,0,0,0,0,4,10.1
450,Ben,Braunecker,CHI,TE,24,15,0,0,0,0,0,0,0,0,0,5,3,42,14,0,0,0,0,0,4,7.2
451,Jawill,Davis,NYG,WR,23,7,0,0,0,0,0,0,0,0,0,8,4,40,10,0,0,0,0,0,4,8
452,Tyler,Ervin,HOU,RB,25,9,0,0,0,0,0,0,0,0,0,3,3,35,11.67,0,1,0,0,0,4,6.5
453,Jordan,Franks,CIN,TE,22,6,0,0,0,0,0,0,0,0,0,3,2,37,18.5,0,0,0,0,0,4,5.7
454,Rashad,Greene,JAX,WR,26,8,0,0,0,0,0,0,0,0,0,8,6,60,10,0,2,1,0,0,4,10
455,Tyler,Kroft,CIN,TE,26,5,0,0,0,0,0,0,0,0,0,6,4,36,9,0,0,0,0,0,4,7.6
456,Marcedes,Lewis,GNB,TE,34,16,0,0,0,0,0,0,0,0,0,4,3,39,13,0,0,0,0,0,4,6.9
457,T.J.,Logan,ARI,RB,24,10,0,0,0,0,0,2,2,1,0,7,7,37,5.29,0,0,0,0,0,4,10.9
458,Tre,Madden,SEA,RB,25,14,0,0,0,0,0,3,3,1,0,3,2,35,17.5,0,0,0,0,0,4,5.8
459,Byron,Marshall,WAS,RB,24,6,0,0,0,0,0,3,9,3,0,6,4,30,7.5,0,0,0,0,0,4,7.9
460,David,Morgan,MIN,TE,25,11,0,0,0,0,0,0,0,0,0,6,5,36,7.2,0,0,0,0,0,4,8.6
461,Roosevelt,Nix,PIT,RB,26,16,0,0,0,0,0,1,4,4,0,6,4,38,9.5,0,0,0,0,0,4,8.2
462,Samaje,Perine,WAS,RB,23,5,0,0,0,0,0,8,32,4,0,4,3,5,1.67,0,0,0,0,0,4,6.7
463,John,Phillips,ARI,TE,31,8,0,0,0,0,0,0,0,0,0,3,3,38,12.67,0,0,0,0,0,4,6.8
464,Auden,Tate,CIN,WR,21,7,0,0,0,0,0,0,0,0,0,12,4,35,8.75,0,0,0,0,0,4,7.5
465,Jalen,Tolliver,ARI,WR,23,3,0,0,0,0,0,0,0,0,0,6,3,37,12.33,0,0,0,0,0,4,6.7
466,David,Williams,JAX,RB,24,6,0,0,0,0,0,8,36,4.5,0,0,0,0,0,0,0,0,0,0,4,3.6
467,Dwayne,Allen,NWE,TE,28,13,0,0,0,0,0,0,0,0,0,4,3,27,9,0,0,0,0,0,3,5.7
468,Benny,Cunningham,CHI,RB,28,15,0,0,0,0,0,11,20,1.82,0,2,1,9,9,0,0,0,0,0,3,3.9
469,Mike,Gillislee,NOR,RB,28,4,0,0,0,0,0,16,43,2.69,0,1,1,9,9,0,1,1,0,0,3,4.2
470,Jeremy,Hill,NWE,RB,26,1,0,0,0,0,0,4,25,6.25,0,1,1,6,6,0,0,0,0,0,3,4.1
471,Jeremy,Langford,ATL,RB,27,1,0,0,0,0,0,9,25,2.78,0,0,0,0,0,0,0,0,0,0,3,2.5
472,Brian,Parker,DEN,TE,26,13,0,0,0,0,0,0,0,0,0,10,5,33,6.6,0,0,0,0,0,3,8.3
473,Charone,Peake,NYJ,WR,26,13,0,0,0,0,0,0,0,0,0,3,2,25,12.5,0,0,0,0,0,3,4.5
474,Shaun,Wilson,TAM,RB,23,5,0,0,0,0,0,6,29,4.83,0,5,3,5,1.67,0,0,0,0,0,3,6.4
475,Javon,Wims,CHI,WR,24,4,0,0,0,0,0,0,0,0,0,5,4,32,8,0,0,0,0,0,3,7.2
476,Nick,Bellore,DET,RB,29,14,0,0,0,0,0,1,0,0,0,4,4,15,3.75,0,0,0,0,0,2,5.5
477,Travaris,Cadet,CAR,RB,29,1,0,0,0,0,0,11,17,1.55,0,1,1,5,5,0,0,0,0,0,2,3.2
478,Matt,Cassel,DET,QB,36,2,7,17,59,0,1,2,13,6.5,0,0,0,0,0,0,0,0,0,0,2,1.7
479,Orson,Charles,CLE,TE,27,13,0,0,0,0,0,0,0,0,0,5,3,23,7.67,0,0,0,0,0,2,5.3
480,Derrick,Coleman,ARI,RB,28,16,0,0,0,0,0,2,3,1.5,0,3,2,17,8.5,0,0,0,0,0,2,4
481,River,Cracraft,DEN,WR,24,8,0,0,0,0,0,0,0,0,0,2,1,44,44,0,1,1,0,0,2,3.4
482,Sean,Culkin,LAC,TE,25,13,0,0,0,0,0,0,0,0,0,1,1,24,24,0,0,0,0,0,2,3.4
483,Justin,Davis,LAR,RB,23,11,0,0,0,0,0,2,19,9.5,0,0,0,0,0,0,0,0,0,0,2,1.9
484,Gehrig,Dieter,KAN,WR,25,4,0,0,0,0,0,0,0,0,0,3,1,22,22,0,0,0,0,0,2,3.2
485,David,Fluellen,TEN,RB,26,7,0,0,0,0,0,4,16,4,0,0,0,0,0,0,0,0,0,0,2,1.6
486,Garrett,Gilbert,CAR,QB,27,1,2,3,40,0,0,0,0,0,0,0,0,0,0,0,0,0,0,0,2,1.6
487,KhaDarel,Hodge,LAR,WR,23,14,0,0,0,0,0,0,0,0,0,3,2,17,8.5,0,0,0,0,0,2,3.7
488,Justin,Hunter,PIT,WR,27,5,0,0,0,0,0,0,0,0,0,13,3,21,7,0,0,0,0,0,2,5.1
489,Darius,Jackson,2TM,RB,25,4,0,0,0,0,0,6,16,2.67,0,1,0,0,0,0,0,0,0,0,2,1.6
490,Rishard,Matthews,2TM,WR,29,8,0,0,0,0,0,0,0,0,0,9,5,24,4.8,0,0,0,0,0,2,7.4
491,Ray-Ray,McCloud,BUF,WR,22,10,0,0,0,0,0,2,4,2,0,6,5,36,7.2,0,2,1,0,0,2,7
492,C.J.,Prosise,SEA,RB,24,5,0,0,0,0,0,1,-3,-3,0,3,3,22,7.33,0,0,0,0,0,2,4.9
493,Brian,Quick,WAS,WR,29,6,0,0,0,0,0,0,0,0,0,3,3,18,6,0,0,0,0,0,2,4.8
494,Keith,Smith,OAK,RB,26,16,0,0,0,0,0,1,0,0,0,6,5,23,4.6,0,0,0,0,0,2,7.3
495,Jonathan,Stewart,NYG,RB,31,3,0,0,0,0,0,6,17,2.83,0,0,0,0,0,0,0,0,0,0,2,1.7
496,Tyrone,Swoopes,SEA,TE,24,1,0,0,0,0,0,0,0,0,0,1,1,23,23,0,0,0,0,0,2,3.3
497,De'Lance,Turner,BAL,RB,23,4,0,0,0,0,0,1,4,4,0,2,2,17,8.5,0,0,0,0,0,2,4.1
498,Malik,Turner,SEA,WR,22,6,0,0,0,0,0,0,0,0,0,3,2,20,10,0,0,0,0,0,2,4
499,Brandon,Wilds,JAX,RB,25,3,0,0,0,0,0,6,15,2.5,0,0,0,0,0,0,0,0,0,0,2,1.5
500,Nick,Williams,2TM,WR,28,4,0,0,0,0,0,0,0,0,0,5,2,17,8.5,0,0,0,0,0,2,3.7
501,Terrance,Williams,DAL,WR,29,3,0,0,0,0,0,0,0,0,0,3,2,18,9,0,0,0,0,0,2,3.8
502,Brandon,Zylstra,MIN,WR,25,16,0,0,0,0,0,0,0,0,0,2,1,23,23,0,0,0,0,0,2,3.3
503,Ameer,Abdullah,2TM,RB,25,10,0,0,0,0,0,1,1,1,0,4,3,28,9.33,0,1,1,0,0,1,3.9
504,Victor,Bolden,2TM,WR,23,6,0,0,0,0,0,0,0,0,0,4,1,10,10,0,0,0,0,0,1,2
505,Michael,Burton,CHI,RB,26,8,0,0,0,0,0,0,0,0,0,1,1,6,6,0,0,0,0,0,1,1.6
506,Damiere,Byrd,CAR,WR,25,8,0,0,0,0,0,0,0,0,0,2,1,8,8,0,0,0,0,0,1,1.8
507,Jamaal,Charles,JAX,RB,32,2,0,0,0,0,0,6,7,1.17,0,3,2,7,3.5,0,0,0,0,0,1,3.4
508,Sammie,Coates,HOU,WR,25,12,0,0,0,0,0,0,0,0,0,2,1,12,12,0,0,0,0,0,1,2.2
509,Alan,Cross,TAM,TE,25,14,0,0,0,0,0,0,0,0,0,5,2,9,4.5,0,0,0,0,0,1,2.9
510,Joshua,Dobbs,PIT,QB,23,5,6,12,43,0,1,4,11,2.75,0,0,0,0,0,0,0,0,0,0,1,0.8
511,Ross,Dwelley,SFO,TE,23,11,0,0,0,0,0,0,0,0,0,2,2,14,7,0,0,0,0,0,1,3.4
512,Matt,Flanagan,WAS,TE,23,3,0,0,0,0,0,0,0,0,0,1,1,14,14,0,0,0,0,0,1,2.4
513,Robert,Griffin,BAL,QB,28,3,2,6,21,0,0,0,0,0,0,0,0,0,0,0,0,0,0,0,1,0.8
514,Justin,Hardee,NOR,WR,24,16,0,0,0,0,0,0,0,0,0,1,1,10,10,0,0,0,0,0,1,2
515,Keon,Hatcher,OAK,WR,24,3,0,0,0,0,0,0,0,0,0,2,1,8,8,0,0,0,0,0,1,1.8
516,Chad,Henne,KAN,QB,33,1,2,3,29,0,0,1,3,3,0,0,0,0,0,0,0,0,0,0,1,1.5
517,Robert,Kelley,WAS,RB,26,2,0,0,0,0,0,4,8,2,0,0,0,0,0,0,0,0,0,0,1,0.8
518,Marcus,Kemp,KAN,WR,23,16,0,0,0,0,0,0,0,0,0,2,1,7,7,0,0,0,0,0,1,1.7
519,Jeremy,Kerley,BUF,WR,30,1,0,0,0,0,0,0,0,0,0,4,2,7,3.5,0,0,0,0,0,1,2.7
520,Darvin,Kidsy,WAS,WR,23,2,0,0,0,0,0,0,0,0,0,2,1,8,8,0,0,0,0,0,1,1.8
521,Allen,Lazard,GNB,WR,23,1,0,0,0,0,0,0,0,0,0,1,1,7,7,0,0,0,0,0,1,1.7
522,Khari,Lee,BUF,TE,26,2,0,0,0,0,0,0,0,0,0,1,1,5,5,0,0,0,0,0,1,1.5
523,Josh,Malone,CIN,WR,22,9,0,0,0,0,0,0,0,0,0,5,1,12,12,0,0,0,0,0,1,2.2
524,J.D.,McKissic,SEA,RB,25,5,0,0,0,0,0,3,8,2.67,0,1,0,0,0,0,0,0,0,0,1,0.8
525,Jeremy,McNichols,2TM,RB,23,2,0,0,0,0,0,4,8,2,0,0,0,0,0,0,0,0,0,0,1,0.8
526,Christine,Michael,IND,RB,28,1,0,0,0,0,0,2,9,4.5,0,0,0,0,0,0,0,0,0,0,1,0.9
527,Johnny,Mundt,LAR,TE,24,10,0,0,0,0,0,0,0,0,0,1,1,5,5,0,0,0,0,0,1,1.5
528,Jamize,Olawale,DAL,RB,29,16,0,0,0,0,0,0,0,0,0,4,2,13,6.5,0,0,0,0,0,1,3.3
529,Ricky,Ortiz,ATL,RB,24,12,0,0,0,0,0,0,0,0,0,4,3,11,3.67,0,0,0,0,0,1,4.1
530,Cam,Phillips,BUF,WR,23,2,0,0,0,0,0,0,0,0,0,1,1,9,9,0,0,0,0,0,1,1.9
531,Richard,Rodgers,PHI,TE,26,7,0,0,0,0,0,0,0,0,0,1,1,7,7,0,0,0,0,0,1,1.7
532,Dion,Sims,CHI,TE,27,8,0,0,0,0,0,0,0,0,0,4,2,9,4.5,0,0,0,0,0,1,2.9
533,Hakeem,Valles,DET,TE,26,3,0,0,0,0,0,0,0,0,0,3,2,11,5.5,0,0,0,0,0,1,3.1
534,Justin,Watson,TAM,WR,23,12,0,0,0,0,0,0,0,0,0,3,1,5,5,0,0,0,0,0,1,1.5
535,Derek,Watt,LAC,RB,26,16,0,0,0,0,0,4,11,2.75,0,1,1,2,2,0,0,0,0,0,1,2.3
536,Joe,Webb,HOU,QB,32,16,0,0,0,0,0,0,0,0,0,3,2,13,6.5,0,0,0,0,0,1,3.3
537,Tim,White,BAL,WR,24,3,0,0,0,0,0,0,0,0,0,1,1,14,14,0,1,0,0,0,1,2.4
538,Daniel,Brown,CHI,,26,14,0,0,0,0,0,0,0,0,0,0,0,0,0,0,0,0,0,0,,
539,Jehu,Chesson,WAS,WR,25,12,0,0,0,0,0,1,-4,-4,0,2,1,7,7,0,0,0,0,0,,1.3
540,Stacy,Coley,2TM,,24,3,0,0,0,0,0,0,0,0,0,1,0,0,0,0,1,0,0,0,,
541,Pharoh,Cooper,2TM,,23,7,0,0,0,0,0,0,0,0,0,1,0,0,0,0,1,0,0,0,,
542,Darrell,Daniels,2TM,,24,11,0,0,0,0,0,0,0,0,0,2,0,0,0,0,0,0,0,0,,
543,Geremy,Davis,LAC,,26,14,0,0,0,0,0,0,0,0,0,1,0,0,0,0,0,0,0,0,,
544,Matthew,Dayes,SFO,,24,7,0,0,0,0,0,0,0,0,0,0,0,0,0,0,0,0,0,0,,
545,Trey,Edmunds,PIT,,24,4,0,0,0,0,0,0,0,0,0,0,0,0,0,0,0,0,0,0,,
546,Clark,Harris,CIN,,34,16,0,0,0,0,0,0,0,0,0,0,0,0,0,0,0,0,0,0,,
547,Temarrick,Hemingway,DEN,,25,5,0,0,0,0,0,0,0,0,0,0,0,0,0,0,0,0,0,0,,
548,De'Angelo,Henderson,NYJ,RB,26,3,0,0,0,0,0,2,19,9.5,0,0,0,0,0,0,1,1,0,0,,-0.1
549,Darrius,Heyward-Bey,PIT,WR,31,14,0,0,0,0,0,1,-7,-7,0,2,1,9,9,0,0,0,0,0,,1.2
550,Johnny,Holton,OAK,,27,1,0,0,0,0,0,0,0,0,0,1,0,0,0,0,0,0,0,0,,
551,Chad,Kelly,DEN,QB,24,1,0,0,0,0,0,1,-1,-1,0,0,0,0,0,0,0,0,0,0,,-0.1
552,Ben,Koyack,JAX,,25,7,0,0,0,0,0,0,0,0,0,0,0,0,0,0,0,0,0,0,,
553,Tony,Lippett,NYG,,26,3,0,0,0,0,0,0,0,0,0,0,0,0,0,0,0,0,0,0,,
554,Sean,Mannion,LAR,QB,26,3,2,3,23,0,0,7,-9,-1.29,0,0,0,0,0,0,0,0,0,0,,
555,Bradley,Marquez,DET,,26,1,0,0,0,0,0,0,0,0,0,0,0,0,0,0,0,0,0,0,,
556,Freddie,Martino,TAM,,27,4,0,0,0,0,0,0,0,0,0,1,0,0,0,0,0,0,0,0,,
557,A.J.,McCarron,OAK,QB,28,2,1,3,8,0,0,3,-2,-0.67,0,0,0,0,0,0,1,0,0,0,,0.1
558,Max,McCaffrey,SFO,,24,1,0,0,0,0,0,0,0,0,0,0,0,0,0,0,0,0,0,0,,
559,Tanner,McEvoy,MIA,,25,2,0,0,0,0,0,0,0,0,0,0,0,0,0,0,0,0,0,0,,
560,Senorise,Perry,MIA,,27,16,0,0,0,0,0,0,0,0,0,0,0,0,0,0,0,0,0,0,,
561,Thomas,Rawls,CIN,,25,1,0,0,0,0,0,0,0,0,0,0,0,0,0,0,0,0,0,0,,
562,Mark,Sanchez,WAS,QB,32,2,19,35,138,0,3,1,8,8,0,0,0,0,0,0,1,0,0,0,,0.3
563,Matt,Schaub,ATL,QB,37,3,5,7,20,0,0,1,0,0,0,1,1,-7,-7,0,1,0,0,0,,1.1
564,Matt,Slater,NWE,,33,16,0,0,0,0,0,0,0,0,0,0,0,0,0,0,0,0,0,0,,
565,Nate,Solder,NYG,,30,16,0,0,0,0,0,0,0,0,0,0,0,0,0,0,0,0,0,0,,
566,Brandon,Tate,NOR,,31,1,0,0,0,0,0,0,0,0,0,0,0,0,0,0,1,0,0,0,,
567,Mike,Thomas,LAR,,24,1,0,0,0,0,0,0,0,0,0,0,0,0,0,0,0,0,0,0,,
568,Dan,Vitale,GNB,RB,25,5,0,0,0,0,0,0,0,0,0,2,1,2,2,0,0,0,0,0,,1.2
569,Clive,Walford,NYJ,,27,1,0,0,0,0,0,0,0,0,0,0,0,0,0,0,0,0,0,0,,
570,Mike,Wallace,PHI,,32,2,0,0,0,0,0,0,0,0,0,3,0,0,0,0,0,0,0,0,,
571,Brandon,Weeden,HOU,QB,35,1,0,0,0,0,0,1,-1,-1,0,0,0,0,0,0,0,0,0,0,,-0.1
572,Markus,Wheaton,PHI,,27,1,0,0,0,0,0,0,0,0,0,0,0,0,0,0,0,0,0,0,,
573,Cole,Wick,SFO,,25,5,0,0,0,0,0,0,0,0,0,1,0,0,0,0,0,0,0,0,,
574,Jonathan,Williams,NOR,RB,24,3,0,0,0,0,0,3,0,0,0,1,1,1,1,0,0,0,0,0,,1.1
575,Jacoby,Brissett,IND,QB,25,4,2,4,2,0,0,7,-7,-1,0,0,0,0,0,0,0,0,0,0,-1,-0.6
576,Brian,Hoyer,NWE,QB,33,5,1,2,7,0,0,11,-8,-0.73,0,0,0,0,0,0,0,0,0,0,-1,-0.5
577,J'Mon,Moore,GNB,WR,23,12,0,0,0,0,0,0,0,0,0,3,2,15,7.5,0,1,1,0,0,-1,1.5
578,Geno,Smith,LAC,QB,28,5,1,4,8,0,0,8,2,0.25,0,0,0,0,0,0,1,1,0,0,-1,-1.5
579,Rod,Streater,CLE,WR,30,3,0,0,0,0,0,1,-11,-11,0,0,0,0,0,0,0,0,0,0,-1,-1.1
580,Robert,Turbin,IND,RB,29,2,0,0,0,0,0,4,10,2.5,0,2,1,3,3,0,1,1,0,0,-1,0.3
581,Kaelin,Clay,NYG,,26,2,0,0,0,0,0,0,0,0,0,0,0,0,0,0,1,1,0,0,-2,-2
582,JJ,Jones,2TM,WR,26,4,0,0,0,0,0,1,0,0,0,1,1,3,3,0,2,1,0,0,-2,-0.7
583,Kyle,Lauletta,NYG,QB,23,2,0,5,0,0,1,1,-2,-2,0,0,0,0,0,0,0,0,0,0,-2,-2.2